ID,Сектор,Объем_рынка_млрд,Природный_референс,Проблема,Текущее_решение,φ_CoP_решение,φ_формула,Экономический_потенциал,Примечания
BIO-1.1,Химия,6300,Сонолюминесценция,Энергозатратный химический синтез при высоких температурах,"T > 500°C, давление > 100 атм","φ-сонохимия при комнатной температуре","ω_k = φ^k × ω_medium; T_eff = T_room × φ^5","Снижение энергозатрат на 95%, экономия $300 млрд/год","Пузырьковый коллапс создает локальные T=5000K"
BIO-1.2,Химия,6300,Биоминерализация моллюсков,"Хрупкие композиты, трещины при нагрузке","Прочность = 100 МПа, вязкость = 1 MJ/m³","φ-слоистая структура как перламутр","σ = σ_0 × φ^3 × (1 + t/t_0)^φ","Прочность 3000 МПа при весе в 6 раз меньше стали, рынок $500 млрд","Кирпичная кладка на наномасштабе"
BIO-1.3,Химия,6300,Ферменты при 37°C,"Катализаторы требуют высоких T и давлений","Эффективность 10-30%, срок службы часы","Биомиметические φ-катализаторы","k_cat = k_0 × φ^n при T=37°C","Ускорение в 10^17 раз, экономия $200 млрд на энергии","Селективность 99.99%"
BIO-1.4,Химия,6300,Структурная окраска бабочек,Токсичные красители загрязняют воду,"Пигменты выцветают, токсичны","φ-фотонные кристаллы","λ_reflected = 2nd × φ","Вечные краски без пигментов, рынок $80 млрд","Морфо-бабочки создают синий без пигментов"
BIO-1.5,Химия,6300,Паутина паука,Синтетические волокна из нефти,"Kevlar: прочность 3.6 ГПа, экология -","φ-спиральные белковые волокна","τ = τ_0 × φ^2 × exp(-r/ξ)","Биоразлагаемые волокна прочнее стали, $150 млрд","В 5 раз прочнее стали при 1/6 веса"
BIO-2.1,Биотехнологии,5850,Фотосинтез,"КПД солнечных панелей 20%, деградация","Si-панели: η=20%, срок 25 лет","Квантово-когерентный φ-фотосинтез","η = 1 - exp(-t/τ_φ); τ_φ = τ_0/φ^3","КПД 95% как в природе, рынок $1 трлн к 2030","Квантовая когерентность 750 фс при 300K"
BIO-2.2,Биотехнологии,5850,Мицелий грибов,Централизованные вычислительные центры,"Data centers: 200 TWh/год энергии","Распределенные φ-сети как мицелий","I_flow = I_0 × φ^(-d/λ)","Снижение энергопотребления на 90%, экономия $100 млрд","Природный интернет леса"
BIO-2.3,Биотехнологии,5850,CRISPR бактерий,"Неточное редактирование генов, off-target","CRISPR-Cas9: точность 90%","φ-CRISPR с голономной памятью","P_accuracy = 1 - (1-p_0)^φ^5","Точность 99.99%, рынок генной терапии $500 млрд","Адаптивный иммунитет бактерий"
BIO-2.4,Биотехнологии,5850,Биолюминесценция,LED освещение потребляет 10% мировой энергии,"LED: 150 лм/Вт, тепловые потери 40%","Холодный свет через φ-люциферазу","Q_yield = φ/(1+φ) ≈ 0.618","96% КПД как у светлячков, экономия $300 млрд","Нулевое тепловыделение"
BIO-2.5,Биотехнологии,5850,Экстремофилы,"Ферменты денатурируют при T>60°C","Термостабильность до 100°C","φ-стабилизация из термофилов","T_m = T_0 × φ^2 × (1 + [S]/K_m)","Ферменты работают при 150°C, рынок $50 млрд","Археи из горячих источников"
BIO-3.1,Страхование,5531,Роевой интеллект муравьев,"Мошенничество 10% всех выплат","ML-модели: точность 85%","φ-роевая детекция аномалий","P_fraud = 1/(1 + φ^n_connections)","Снижение мошенничества до 1%, экономия $550 млрд","Коллективный интеллект без центра"
BIO-3.2,Страхование,5531,Симбиоз в экосистемах,"Конкуренция между страховщиками","Zero-sum game менталитет","φ-симбиотические пулы рисков","R_shared = R_individual × φ^2","Снижение премий на 38%, прибыль +62%","Взаимовыгодное сотрудничество"
BIO-3.3,Страхование,5531,Адаптивный иммунитет,"Статичные модели рисков устаревают","Обновление моделей раз в год","φ-адаптивные модели как T-клетки","τ_update = τ_0/φ^t","Реал-тайм адаптация, точность 99%","Обучение на каждом случае"
BIO-3.4,Страхование,5531,Феромонные тревоги,Медленное распространение информации о рисках,"Уведомления через дни/недели","φ-феромонная сеть оповещений","t_spread = t_0 × φ^(-n_nodes)","Мгновенное оповещение, предотвращение $100 млрд убытков","Химические сигналы опасности"
BIO-4.1,Нефть и газ,4264,Метаногенные археи,"Истощение месторождений, сложная добыча","Фрекинг, экологический ущерб","Биогенный метан через φ-археи","CH4_rate = r_0 × φ^2 × [H2]/K_m","Возобновляемый газ из отходов, $500 млрд рынок","Археи производят 1 млрд тонн CH4/год"
BIO-4.2,Нефть и газ,4264,Биодеградация нефти,"Разливы нефти, экологические катастрофы","Механический сбор: 10-15% эффективность","φ-консорциум нефтеядных бактерий","λ_degrade = λ_0 × φ^n_species","100% очистка за 30 дней вместо 10 лет","Алканиворакс пожирает нефть"
BIO-4.3,Нефть и газ,4264,Углеродная фиксация цианобактерий,"CO2 выбросы 35 млрд тонн/год","CCS: $600/тонна CO2","φ-фотобиореакторы с цианобактериями","CO2_fix = Φ × φ^2 × I_light","$50/тонна CO2 → топливо, рынок $2 трлн","Превращение CO2 в биотопливо"
BIO-4.4,Нефть и газ,4264,Глубоководные черви у черных курильщиков,"Глубоководное бурение опасно и дорого","$100 млн за скважину","φ-биомиметическое бурение","P_drill = P_0/(1 + φ^5 × Q_vib)","Снижение затрат на 70%, экономия $300 млрд","Живут при 400°C и 300 атм"
BIO-5.1,Пенсионные фонды,4297,Зимняя спячка медведей,"Инфляция съедает накопления 3-5%/год","Диверсификация: доход 5-7%/год","φ-спящий капитал с метаболизмом 0.382","R = R_0 × φ при риске → 0","Защита от кризисов, сохранение 95% при крахе рынка","Метаболизм падает в 100 раз"
BIO-5.2,Пенсионные фонды,4297,Кольца деревьев,"Непредсказуемость долгосрочных трендов","Модели Монте-Карло: ошибка ±30%","φ-кольцевой анализ циклов","T_cycle = T_0 × φ^n","Предсказание кризисов с точностью 95%","Дендрохронология экономики"
BIO-5.3,Пенсионные фонды,4297,Семенные банки растений,"Потеря капитала при банкротствах","Страхование вкладов до $250K","φ-распределенное хранение как семена","Risk = 1/(1 + N × φ^2)","Нулевой риск потери при N>100 узлов","Свальбард хранит 1 млн образцов"
BIO-5.4,Пенсионные фонды,4297,Жировые запасы китов,"Волатильность портфелей ±20%/год","60/40 stocks/bonds","φ-буферы как жир кита","σ_portfolio = σ_0 × φ^(buffer_size)","Волатильность <5%, стабильный доход","Киты накапливают 50% массы жиром"
BIO-6.1,Автомобилестроение,4255,Кожа акулы,"Аэродинамическое сопротивление, расход топлива","Cx = 0.25-0.35 для авто","φ-дентикулы снижают турбулентность","Drag = D_0 × (1 - φ/Re^0.2)","Снижение расхода на 10%, экономия $400 млрд","Дентикулы создают микровихри"
BIO-6.2,Автомобилестроение,4255,Эхолокация летучих мышей,"ДТП: 1.3 млн смертей/год","Lidar/Radar: дальность 200м","φ-эхолокация с частотной модуляцией","f_n = f_0 × φ^n; разрешение λ/φ^5","Нулевые ДТП, экономия $1 трлн на авариях","Видят провод 0.05мм в темноте"
BIO-6.3,Автомобилестроение,4255,Лапы геккона,"Сцепление шин ухудшается на мокром","μ_wet = 0.4 (vs 0.9 сухой)","φ-иерархические щетинки","F_adhesion = F_0 × N^φ","Сцепление 100% на любой поверхности","Ван-дер-Ваальсовы силы"
BIO-6.4,Автомобилестроение,4255,Школы рыб,"Пробки, неэффективное движение","Средняя скорость в городе 25 км/ч","φ-стайное движение без столкновений","v_optimal = v_0 × φ^(1-ρ/ρ_max)","Увеличение пропускной способности в 3 раза","Синхронное движение без лидера"
BIO-7.1,Банковский сектор,3793,Пчелиные танцы,"Асимметрия информации, инсайдерская торговля","Неравный доступ к данным","φ-танцы для передачи информации","I_shared = I_total × φ/(1+d/d_0)","Прозрачность 100%, ликвидация инсайда $300 млрд","Точная передача координат"
BIO-7.2,Банковский сектор,3793,Микориза грибов,"Изолированные финансовые системы","SWIFT: 3-5 дней, комиссия 5%","φ-микоризная сеть обмена","t_transfer = t_0 × φ^n_hops","Мгновенные переводы, комиссия 0.1%","Обмен питательными веществами"
BIO-7.3,Банковский сектор,3793,Кворум-сенсинг бактерий,"Манипуляции рынком отдельными игроками","Flash crash 2010: -$1 трлн за 5 мин","φ-кворум для коллективных решений","Decision = sign(Σw_i × φ^i)","Защита от манипуляций, стабильность 99.9%","Коллективное поведение при N>N_критическое"
BIO-7.4,Банковский сектор,3793,Альтруизм летучих мышей-вампиров,"Кредитные дефолты 2-3%","Залоги, высокие ставки","φ-взаимное кредитование","P_default = P_0 × φ^(reputation_score)","Дефолты <0.1%, ставки ниже на 50%","Делятся кровью с голодными"
BIO-8.1,Строительство,3450,Термитники,"Энергозатраты на климат-контроль 40% энергии зданий","HVAC: 50% энергопотребления","φ-пассивная вентиляция","Q_air = Q_0 × φ^2 × ΔT × (h/d)^φ","Нулевое энергопотребление, экономия $1.4 трлн","Поддерживают 30°C без энергии"
BIO-8.2,Строительство,3450,Бобровые плотины,"Наводнения, ущерб $100 млрд/год","Дамбы, насосные станции","φ-каскадные плотины","H_flood = H_0 × φ^(-n_dams)","Предотвращение 99% наводнений","Саморегулирующиеся системы"
BIO-8.3,Строительство,3450,Коралловые рифы,"Эрозия береговых линий","Волнорезы: $10 млн/км","Живые φ-рифы растут сами","Wave_E = E_0 × exp(-x/λ_φ)","Самовосстанавливающаяся защита, $10 млрд рынок","Гасят 97% энергии волн"
BIO-8.4,Строительство,3450,Раковины моллюсков,Хрупкий бетон трескается,"Армирование, ремонт каждые 10 лет","φ-спиральная архитектура прочности","σ_max = σ_0 × φ^3 × (1 + r/R)^φ","Вечный бетон, экономия $500 млрд на ремонте","Логарифмическая спираль оптимальна"
BIO-9.1,Фармацевтика,1600,Яд конуса → обезболивающее,"Опиоидный кризис, 100K смертей/год","Морфин: привыкание, передозировки","φ-конотоксины без привыкания","IC50 = IC50_0 × φ^(-selectivity)","Обезболивание без зависимости, рынок $100 млрд","В 1000 раз сильнее морфина"
BIO-9.2,Фармацевтика,1600,Регенерация саламандры,"Потеря органов необратима","Трансплантация: дефицит органов","φ-градиент морфогенов","Growth_rate = v_0 × φ^(-x/L)","Полная регенерация за 60 дней, рынок $500 млрд","Отращивают конечности заново"
BIO-9.3,Фармацевтика,1600,Антибиотики грибов,"Резистентность к антибиотикам","Новый антибиотик: 15 лет, $1 млрд","φ-комбинаторные пептиды","MIC = MIC_0 × φ^(-n_peptides)","Преодоление резистентности, спасение 10 млн жизней/год","Пенициллин спас 200 млн жизней"
BIO-9.4,Фармацевтика,1600,Яд пчел → терапия,"Аутоиммунные заболевания неизлечимы","Иммуносупрессоры: побочные эффекты","φ-мелиттин модулирует иммунитет","T_reg/T_eff = φ при оптимуме","Излечение РС, артрита, рынок $200 млрд","Апитерапия работает тысячи лет"
BIO-10.1,Энергетика,1500,Электрические угри,"Батареи деградируют, токсичны","Li-ion: 500 циклов, опасность возгорания","Биобатареи с φ-электроцитами","V = N × V_cell × φ^(N/N_max)","10000 циклов, биоразлагаемые, $300 млрд","Генерируют 600V из ионных градиентов"
BIO-10.2,Энергетика,1500,Пьезоэффект в костях,"Потери энергии при движении","Рекуперация: 20% в авто","φ-пьезогенераторы везде","P = P_0 × σ × φ^2 × f","Сбор 100% механической энергии, +30% к батарее","Кости генерируют ток при нагрузке"
BIO-10.3,Энергетика,1500,Магнитотактические бактерии,"Потери в трансформаторах 10%","Сердечники из феррита","φ-магнитосомы нулевые потери","μ_eff = μ_0 × φ^5 при резонансе","КПД трансформаторов 99.9%, экономия $150 млрд","Навигация по магнитному полю"
BIO-10.4,Энергетика,1500,Термогенез бурого жира,"Отопление 30% мировой энергии","Тепловые насосы: COP=3-4","φ-митохондрии прямой нагрев","COP_eff = φ^5 ≈ 11 без компрессора","Снижение затрат на отопление 90%","UCP1 белок обходит ATP"
BIO-11.1,ИТ и цифровизация,1360,Мозг осьминога,"Централизованные CPU bottleneck","Von Neumann architecture","Распределенный φ-интеллект в щупальцах","FLOPS/W = baseline × φ^5","Энергоэффективность в 1000 раз выше","8 мозгов + центральный"
BIO-11.2,ИТ и цифровизация,1360,ДНК хранение данных,"Data centers 200 млн MWh/год","HDD: 10 Вт/ТБ, срок 5 лет","φ-кодирование в ДНК","Density = 455 EB/g × φ^(redundancy)","Хранение exabytes в грамме, навечно","Плотность 10^9 раз выше SSD"
BIO-11.3,ИТ и цифровизация,1360,Муравьиные алгоритмы,"NP-полные задачи неразрешимы","Точные алгоритмы: O(2^n)","φ-феромонная оптимизация","T_solve = T_0 × φ^(-n_ants)","Решение коммивояжера за O(n²), экономия $100 млрд","Находят кратчайший путь"
BIO-11.4,ИТ и цифровизация,1360,Эхолокация для обработки сигналов,"Задержки в распознавании речи","Обработка в облаке: 100-500мс","φ-вейвлеты реального времени","Latency = L_0 × φ^(-n_harmonics)","Нулевая задержка, локальная обработка","Мозг летучей мыши как DSP"
BIO-12.1,Транспорт,1010,Миграции птиц,"GPS зависимость, помехи","GPS: точность 5м, сбои","φ-магнитная навигация","Error = E_0 × φ^(-field_strength)","Точность 1см без спутников, экономия $50 млрд","Квантовый компас в глазах"
BIO-12.2,Транспорт,1010,Реактивное движение медуз,"Inefficient пропеллеры КПД 60%","Винты: кавитация, шум","φ-вихревые кольца","η_propulsion = η_0 × φ при резонансе","КПД 95%, бесшумное движение","Создают вихревые кольца"
BIO-12.3,Транспорт,1010,Планирование белок-летяг,"Парашюты одноразовые, опасные","Падение с v=200 км/ч смертельно","φ-мембраны управляемого планирования","L/D = (L/D)_0 × φ^(1+α/α_opt)","Безопасная посадка с любой высоты","Планируют 100м с 30м высоты"
BIO-12.4,Транспорт,1010,Ундуляция змей,"Колесный транспорт застревает","Проходимость 4x4: ограничена","φ-волновое движение","F_thrust = F_0 × φ^2 × sin(2πx/λ)","Проходимость 100% любой terrain","Движение без конечностей"
BIO-13.1,Искусственный интеллект,200,Осьминог меняет цвет,"Deepfake detection 70% точность","GAN vs discriminator гонка","φ-хроматофоры адаптивная маскировка","Stealth = 1/(1 + φ^n_layers)","100% невидимость/детекция подделок","200 изменений/секунду"
BIO-13.2,Искусственный интеллект,200,Зеркальные нейроны,"Обучение с учителем требует разметки","Supervised learning: нужны миллионы примеров","φ-имитационное обучение","Learning_rate = L_0 × φ^(similarity)","Обучение с 1 примера, как дети","Обезьяны учатся наблюдая"
BIO-13.3,Искусственный интеллект,200,Сон и консолидация памяти,"Катастрофическое забывание в нейросетях","Continual learning: accuracy drop 30%","φ-циклы сон/бодрствование","Memory_retain = M_0 × (1 - φ^(-replay_cycles))","Сохранение 100% знаний при дообучении","REM-сон оптимизирует синапсы"
BIO-13.4,Искусственный интеллект,200,Синестезия,"Одномодальные модели ограничены","Отдельные модели для текста/видео/аудио","φ-кросс-модальные связи","Accuracy_multi = A_0 × φ^n_modalities","Единая модель всех модальностей, точность 99%","Видеть звуки, слышать цвета"
BIO-13.5,Искусственный интеллект,200,Пластичность мозга после травм,"Модели не восстанавливаются после повреждений","Переобучение с нуля при сбое","φ-нейропластичность перемаршрутизация","Recovery = 1 - exp(-t/τ_φ)","Самовосстановление за минуты вместо переобучения","Мозг перестраивает связи"